-- MySQL Script generated by MySQL Workbench
-- Thu Jan 12 14:39:22 2023
-- Model: New Model    Version: 1.0
-- MySQL Workbench Forward Engineering

SET @OLD_UNIQUE_CHECKS=@@UNIQUE_CHECKS, UNIQUE_CHECKS=0;
SET @OLD_FOREIGN_KEY_CHECKS=@@FOREIGN_KEY_CHECKS, FOREIGN_KEY_CHECKS=0;
SET @OLD_SQL_MODE=@@SQL_MODE, SQL_MODE='ONLY_FULL_GROUP_BY,STRICT_TRANS_TABLES,NO_ZERO_IN_DATE,NO_ZERO_DATE,ERROR_FOR_DIVISION_BY_ZERO,NO_ENGINE_SUBSTITUTION';

-- -----------------------------------------------------
-- Schema car_rental
-- -----------------------------------------------------

-- -----------------------------------------------------
-- Schema car_rental
-- -----------------------------------------------------
CREATE SCHEMA IF NOT EXISTS `car_rental` DEFAULT CHARACTER SET utf8 ;
USE `car_rental` ;

-- -----------------------------------------------------
-- Table `car_rental`.`company`
-- -----------------------------------------------------
DROP TABLE IF EXISTS `car_rental`.`company` ;

CREATE TABLE IF NOT EXISTS `car_rental`.`company` (
  `company_name` VARCHAR(255) NOT NULL,
  `company_info` VARCHAR(2550) NULL,
  `company_id` INT NOT NULL AUTO_INCREMENT,
  PRIMARY KEY (`company_id`))
ENGINE = InnoDB;


-- -----------------------------------------------------
-- Table `car_rental`.`location`
-- -----------------------------------------------------
DROP TABLE IF EXISTS `car_rental`.`location` ;

CREATE TABLE IF NOT EXISTS `car_rental`.`location` (
  `location_id` INT NOT NULL AUTO_INCREMENT,
  `venue_name` VARCHAR(255) NOT NULL,
  `latitude` DECIMAL(8,6) NOT NULL,
  `longtitude` DECIMAL(9,6) NOT NULL,
  PRIMARY KEY (`location_id`))
ENGINE = InnoDB;


-- -----------------------------------------------------
-- Table `car_rental`.`vehicle`
-- -----------------------------------------------------
DROP TABLE IF EXISTS `car_rental`.`vehicle` ;

CREATE TABLE IF NOT EXISTS `car_rental`.`vehicle` (
  `vehicle_id` INT NOT NULL AUTO_INCREMENT,
  `vehicle_name` VARCHAR(255) NOT NULL,
  `vehicle_desc` VARCHAR(2550) NULL,
  `vehicle_brand` VARCHAR(255) NOT NULL,
  `vehicle_model` VARCHAR(255) NOT NULL,
  `mileage` INT NULL,
  `availability` TINYINT NOT NULL,
  `plate_no` VARCHAR(45) NOT NULL,
  `location_id` INT NOT NULL,
  `image` BLOB NULL,
  `company_id` INT NOT NULL,
  `vehicle_type` VARCHAR(255) NOT NULL,
  PRIMARY KEY (`vehicle_id`),
  INDEX `company_id_idx` (`company_id` ASC) VISIBLE,
  INDEX `location_id_idx` (`location_id` ASC) VISIBLE,
  CONSTRAINT `company_id`
    FOREIGN KEY (`company_id`)
    REFERENCES `car_rental`.`company` (`company_id`)
    ON DELETE NO ACTION
    ON UPDATE NO ACTION,
  CONSTRAINT `location_id`
    FOREIGN KEY (`location_id`)
    REFERENCES `car_rental`.`location` (`location_id`)
    ON DELETE NO ACTION
    ON UPDATE NO ACTION)
ENGINE = InnoDB;


-- -----------------------------------------------------
-- Table `car_rental`.`user`
-- -----------------------------------------------------
DROP TABLE IF EXISTS `car_rental`.`user` ;

CREATE TABLE IF NOT EXISTS `car_rental`.`user` (
  `user_id` INT NOT NULL AUTO_INCREMENT,
  `user_name` VARCHAR(255) NOT NULL,
  `user_info` VARCHAR(2550) NULL,
  `is_customer` TINYINT NOT NULL,
  `is_company` TINYINT NOT NULL,
  `is_admin` TINYINT NOT NULL,
  `company_id` INT NULL,
  `user_email` VARCHAR(45) NOT NULL,
  PRIMARY KEY (`user_id`))
ENGINE = InnoDB;


-- -----------------------------------------------------
-- Table `car_rental`.`booking`
-- -----------------------------------------------------
DROP TABLE IF EXISTS `car_rental`.`booking` ;

CREATE TABLE IF NOT EXISTS `car_rental`.`booking` (
  `booking_id` INT NOT NULL AUTO_INCREMENT,
  `vehicle_id` INT NOT NULL,
  `user_id` INT NOT NULL,
  `destination` INT NOT NULL,
  `is_active` TINYINT NOT NULL,
  PRIMARY KEY (`booking_id`),
  INDEX `user_id_idx` (`user_id` ASC) VISIBLE,
  INDEX `vehicle_id_idx` (`vehicle_id` ASC) VISIBLE,
  INDEX `destination_idx` (`destination` ASC) VISIBLE,
  CONSTRAINT `user_id`
    FOREIGN KEY (`user_id`)
    REFERENCES `car_rental`.`user` (`user_id`)
    ON DELETE NO ACTION
    ON UPDATE NO ACTION,
  CONSTRAINT `vehicle_id`
    FOREIGN KEY (`vehicle_id`)
    REFERENCES `car_rental`.`vehicle` (`vehicle_id`)
    ON DELETE NO ACTION
    ON UPDATE NO ACTION,
  CONSTRAINT `destination`
    FOREIGN KEY (`destination`)
    REFERENCES `car_rental`.`location` (`location_id`)
    ON DELETE NO ACTION
    ON UPDATE NO ACTION)
ENGINE = InnoDB;


-- -----------------------------------------------------
-- Data for table `car_rental`.`company`
-- -----------------------------------------------------
START TRANSACTION;
USE `car_rental`;
INSERT INTO `car_rental`.`company` (`company_name`, `company_info`, `company_id`) VALUES ('blatest', NULL, 1);
INSERT INTO `car_rental`.`company` (`company_name`, `company_info`, `company_id`) VALUES ('WOW', 'hsfkjsgfjka', 2);
INSERT INTO `car_rental`.`company` (`company_name`, `company_info`, `company_id`) VALUES ('COOL', 'sadafdsfdsf', 3);
INSERT INTO `car_rental`.`company` (`company_name`, `company_info`, `company_id`) VALUES ('SUPER', 'sfalkasdölkö', 4);

COMMIT;


-- -----------------------------------------------------
-- Data for table `car_rental`.`location`
-- -----------------------------------------------------
START TRANSACTION;
USE `car_rental`;
INSERT INTO `car_rental`.`location` (`location_id`, `venue_name`, `latitude`, `longtitude`) VALUES (1, 'berlinale palast', 41.40338, 2.17403);
INSERT INTO `car_rental`.`location` (`location_id`, `venue_name`, `latitude`, `longtitude`) VALUES (2, 'Alexander Platz', 52.5219, 13.4132);
INSERT INTO `car_rental`.`location` (`location_id`, `venue_name`, `latitude`, `longtitude`) VALUES (3, 'Berghain', 52.5113, 13.4431);
INSERT INTO `car_rental`.`location` (`location_id`, `venue_name`, `latitude`, `longtitude`) VALUES (4, 'Bundesplatz', 52.5219, 13.4132);
INSERT INTO `car_rental`.`location` (`location_id`, `venue_name`, `latitude`, `longtitude`) VALUES (5, 'Frankfurter Tor', 52.5113, 13.4431);
INSERT INTO `car_rental`.`location` (`location_id`, `venue_name`, `latitude`, `longtitude`) VALUES (6, 'Kurfürstenstraße', 52.5219, 13.4132);
INSERT INTO `car_rental`.`location` (`location_id`, `venue_name`, `latitude`, `longtitude`) VALUES (7, 'Hasenheide', 52.5113, 13.4431);
INSERT INTO `car_rental`.`location` (`location_id`, `venue_name`, `latitude`, `longtitude`) VALUES (8, 'Kino International', 52.5219, 13.4132);
INSERT INTO `car_rental`.`location` (`location_id`, `venue_name`, `latitude`, `longtitude`) VALUES (9, 'Allesandersplatz', 52.5113, 13.4431);
COMMIT;


-- -----------------------------------------------------
-- Data for table `car_rental`.`vehicle`
-- -----------------------------------------------------
START TRANSACTION;
USE `car_rental`;
INSERT INTO `car_rental`.`vehicle` (`vehicle_id`, `vehicle_name`, `vehicle_desc`, `vehicle_brand`, `vehicle_model`, `mileage`, `availability`, `plate_no`, `location_id`, `image`, `company_id`, `vehicle_type`) VALUES (1, 'test', NULL, 'ewrwetrew', 'wrerwwre', 12, true, '7709878098', 1, NULL, 1, 'dfs');
INSERT INTO `car_rental`.`vehicle` (`vehicle_id`, `vehicle_name`, `vehicle_desc`, `vehicle_brand`, `vehicle_model`, `mileage`, `availability`, `plate_no`, `location_id`, `image`, `company_id`, `vehicle_type`) VALUES (2, 'Audi', 'nice car', 'Tesla', 'v21', 23981, true, 'hjdsks', 2, NULL, 1, 'sd');
INSERT INTO `car_rental`.`vehicle` (`vehicle_id`, `vehicle_name`, `vehicle_desc`, `vehicle_brand`, `vehicle_model`, `mileage`, `availability`, `plate_no`, `location_id`, `image`, `company_id`, `vehicle_type`) VALUES (3, 'Loud Car', 'loud car, blue, wing doors', 'VW', 'dlkf', 120, true, 'sadss', 2, NULL, 1, 'd');
INSERT INTO `car_rental`.`vehicle` (`vehicle_id`, `vehicle_name`, `vehicle_desc`, `vehicle_brand`, `vehicle_model`, `mileage`, `availability`, `plate_no`, `location_id`, `image`, `company_id`, `vehicle_type`) VALUES (4, 'hljfsh', 'dsffdsdfs', 'classic', '32', NULL, true, 'zerwuie', 1, NULL, 1, 'dd');
INSERT INTO `car_rental`.`vehicle` (`vehicle_id`, `vehicle_name`, `vehicle_desc`, `vehicle_brand`, `vehicle_model`, `mileage`, `availability`, `plate_no`, `location_id`, `image`, `company_id`, `vehicle_type`) VALUES (5, 'namenamename', 'few', 'loud', 'dirty', NULL, false, 'sfggfdg', 1, NULL, 2, 'dd');
INSERT INTO `car_rental`.`vehicle` (`vehicle_id`, `vehicle_name`, `vehicle_desc`, `vehicle_brand`, `vehicle_model`, `mileage`, `availability`, `plate_no`, `location_id`, `image`, `company_id`, `vehicle_type`) VALUES (6, 'fjkadkjsfk', 'adjkgfjahd', 'test', 'Test', NULL, false, 'dfgdff', 2, NULL, 2, 'dd');
INSERT INTO `car_rental`.`vehicle` (`vehicle_id`, `vehicle_name`, `vehicle_desc`, `vehicle_brand`, `vehicle_model`, `mileage`, `availability`, `plate_no`, `location_id`, `image`, `company_id`, `vehicle_type`) VALUES (7, 'vehicle', 'fgksjdfh', 'Lars', 'grumpy', 99999, true, 'sdfggdsfgfd', 3, NULL, 1, 'dd');
INSERT INTO `car_rental`.`vehicle` (`vehicle_id`, `vehicle_name`, `vehicle_desc`, `vehicle_brand`, `vehicle_model`, `mileage`, `availability`, `plate_no`, `location_id`, `image`, `company_id`, `vehicle_type`) VALUES (8, 'car', 'super', 'Nevin', 'cool', 420, false, 'dfggfgfsd', 3, NULL, 3, 'dd');
INSERT INTO `car_rental`.`vehicle` (`vehicle_id`, `vehicle_name`, `vehicle_desc`, `vehicle_brand`, `vehicle_model`, `mileage`, `availability`, `plate_no`, `location_id`, `image`, `company_id`, `vehicle_type`) VALUES (9, 'Jess', 'Bob', 'Samantha', 'blupp', 1, true, 'sdgffds', 2, NULL, 1, 'dd');
INSERT INTO `car_rental`.`vehicle` (`vehicle_id`, `vehicle_name`, `vehicle_desc`, `vehicle_brand`, `vehicle_model`, `mileage`, `availability`, `plate_no`, `location_id`, `image`, `company_id`, `vehicle_type`) VALUES (10, 'hdgj', 'Muly', 'Oriane', 'Marianne', 666, false, 'dsfgds', 1, NULL, 1, 'ddd');

COMMIT;


-- -----------------------------------------------------
-- Data for table `car_rental`.`user`
-- -----------------------------------------------------
START TRANSACTION;
USE `car_rental`;
INSERT INTO `car_rental`.`user` (`user_id`, `user_name`, `user_info`, `is_customer`, `is_company`, `is_admin`, `company_id`, `user_email`) VALUES (1, 'test', 'hi there its me ', true, false, false, NULL, 'sdd@asdffdsas.de');
INSERT INTO `car_rental`.`user` (`user_id`, `user_name`, `user_info`, `is_customer`, `is_company`, `is_admin`, `company_id`, `user_email`) VALUES (2, 'Andre', ' a star', true, false, false, NULL, 'sdd@asdsas.de');
INSERT INTO `car_rental`.`user` (`user_id`, `user_name`, `user_info`, `is_customer`, `is_company`, `is_admin`, `company_id`, `user_email`) VALUES (3, 'Hendra', 'reporter', false, true, false, NULL, 'dsadsa@dsadas.de');
INSERT INTO `car_rental`.`user` (`user_id`, `user_name`, `user_info`, `is_customer`, `is_company`, `is_admin`, `company_id`, `user_email`) VALUES (4, 'Stefan I.', 'social media manager', false, false, true, NULL, 'dsaasdsa@dfsfd.de');
INSERT INTO `car_rental`.`user` (`user_id`, `user_name`, `user_info`, `is_customer`, `is_company`, `is_admin`, `company_id`, `user_email`) VALUES (5, 'Max', 'loves fun', true, false, false, NULL, 'max@asdffdsas.de');
INSERT INTO `car_rental`.`user` (`user_id`, `user_name`, `user_info`, `is_customer`, `is_company`, `is_admin`, `company_id`, `user_email`) VALUES (6, 'Kiki', 'all good', true, false, false, NULL, 'kiki@asdsas.de');
INSERT INTO `car_rental`.`user` (`user_id`, `user_name`, `user_info`, `is_customer`, `is_company`, `is_admin`, `company_id`, `user_email`) VALUES (7, 'Laura', 'high five', false, true, false, NULL, 'laura@dsadas.de');
INSERT INTO `car_rental`.`user` (`user_id`, `user_name`, `user_info`, `is_customer`, `is_company`, `is_admin`, `company_id`, `user_email`) VALUES (8, 'Anke I.', 'wow wow wow', false, false, true, NULL, 'anke@dfsfd.de');

COMMIT;


-- -----------------------------------------------------
-- Data for table `car_rental`.`booking`
-- -----------------------------------------------------
START TRANSACTION;
USE `car_rental`;
INSERT INTO `car_rental`.`booking` (`booking_id`, `vehicle_id`, `user_id`, `destination`, `is_active`) VALUES (1, 1, 1, 5, 0);
INSERT INTO `car_rental`.`booking` (`booking_id`, `vehicle_id`, `user_id`, `destination`, `is_active`) VALUES (2, 2, 4, 6, 1);
INSERT INTO `car_rental`.`booking` (`booking_id`, `vehicle_id`, `user_id`, `destination`, `is_active`) VALUES (3, 3, 2, 7, 1);
INSERT INTO `car_rental`.`booking` (`booking_id`, `vehicle_id`, `user_id`, `destination`, `is_active`) VALUES (4, 4, 3, 8, 0);
INSERT INTO `car_rental`.`booking` (`booking_id`, `vehicle_id`, `user_id`, `destination`, `is_active`) VALUES (5, 5, 3, 5, 0);
INSERT INTO `car_rental`.`booking` (`booking_id`, `vehicle_id`, `user_id`, `destination`, `is_active`) VALUES (6, 6, 3, 6, 1);
INSERT INTO `car_rental`.`booking` (`booking_id`, `vehicle_id`, `user_id`, `destination`, `is_active`) VALUES (7, 7, 2, 7, 1);
INSERT INTO `car_rental`.`booking` (`booking_id`, `vehicle_id`, `user_id`, `destination`, `is_active`) VALUES (8, 8, 1, 8, 1);

COMMIT;


SET SQL_MODE=@OLD_SQL_MODE;
SET FOREIGN_KEY_CHECKS=@OLD_FOREIGN_KEY_CHECKS;
SET UNIQUE_CHECKS=@OLD_UNIQUE_CHECKS;
